0.0861	0.0625	0.1174	0.0089	82 ARQ JULIO 2026
0.0939	0.1061	0.0978	0.0075	MODELO 9 Galpón
0.0939	0.1250	0.0607	0.0074	Costo por m2
0.0939	0.1335	0.0705	0.0105	$ 1.717.368
0.0939	0.1468	0.0783	0.0060	Variación mensual
0.0920	0.1541	0.0450	0.0087	+5,29 %
0.0939	0.1657	0.0802	0.0089	Superficie cubierta
0.0939	0.1759	0.0587	0.0073	289,04 m2
0.1840	0.1265	0.0646	0.0075	Se consideró un
0.1840	0.1352	0.0685	0.0073	cerramiento peri-
0.1840	0.1453	0.0548	0.0045	metral de bio-
0.1840	0.1597	0.0685	0.0089	gón, entrepiso y
0.1840	0.1686	0.0685	0.0075	techo parabólico.
0.0920	0.4302	0.0196	0.0073	Pisos
0.1840	0.3256	0.0294	0.0073	PRECIO
0.1800	0.3328	0.0333	0.0073	46.018.393
0.1820	0.3401	0.0313	0.0073	37.769.919
0.1800	0.3488	0.0333	0.0073	59.028.136
0.1800	0.3561	0.0333	0.0087	47.769.902
0.1800	0.3648	0.0333	0.0073	43.828.623
0.1820	0.3735	0.0313	0.0073	9.422.957
0.1820	0.3808	0.0313	0.0073	1.054.635
0.1820	0.3895	0.0313	0.0073	10.922.913
0.1820	0.3983	0.0313	0.0073	21.707.019
0.1800	0.4055	0.0333	0.0073	33.564.434
0.1820	0.4142	0.0313	0.0073	1.584.854
0.1800	0.4230	0.0333	0.0073	2.086.409
0.1820	0.4302	0.0313	0.0073	14.621.135
0.1820	0.4375	0.0313	0.0087	2.345.707
0.2250	0.3328	0.0489	0.0074	Zócalos y solías
0.2250	0.3413	0.0373	0.0078	Carpinteria
0.2250	0.3485	0.0491	0.0079	Instal. sanitaria
0.2250	0.3576	0.0372	0.0073	Inst. de gas
0.2250	0.3661	0.0431	0.0075	Inst. eléctrica
0.2250	0.3735	0.0274	0.0073	Pinturas
0.2250	0.3895	0.0215	0.0073	Varios
0.2250	0.3983	0.0548	0.0075	Ayuda de gremio
0.2250	0.4055	0.0470	0.0073	Gastos de obra
0.2250	0.4142	0.0313	0.0073	Beneficio
0.2231	0.4390	0.0274	0.0044	Total
0.0841	0.4666	0.1331	0.0087	Poliestireno expandido 2cm, 20 Kg/m3 (m2)
0.0861	0.4767	0.0509	0.0074	Idem 4 cm (m2)..
0.0861	0.4855	0.0763	0.0073	Idem 2cm, 10Kg/m3 (mZ)
0.0861	0.4940	0.1350	0.0089	Agregado ultraliviano perlas poliestireno tipo.
0.0841	0.5044	0.0783	0.0073	Isolcret bolsa.:......
0.0841	0.5129	0.1331	0.0089	Placa para piso radiante (eps) (un) 900x600.
0.0841	0.5218	0.0998	0.0090	Placa EIFS 40mm 20Kg/m3 (m2).
0.0861	0.5317	0.1213	0.0075	Lana de vidrio bajo teja esp 50mm (mZ).
0.0861	0.5407	0.1448	0.0074	Lana de vidrio FT c/alum. 50mm 1,20 x 16m (m2).
0.0841	0.5509	0.1683	0.0073	Membrana polietileno c/alum. Isolant 5mm 20mts (mZ).
0.0841	0.5595	0.1624	0.0074	Membrana polietileno con doble aluminio 10mm (mZ).
0.0861	0.5770	0.0235	0.0087	ARENA
0.0841	0.5872	0.0646	0.0073	Arena en bolsa (un)..
0.0861	0.5957	0.1174	0.0089	Bolsón de arena colocado en obra (m3).
0.0841	0.6061	0.0626	0.0075	Arena a granel (m3).
0.0841	0.6235	0.0705	0.0089	AGREGADOS GRUESOS
0.0861	0.6337	0.0607	0.0073	Cascote limpio (m3).
0.0841	0.6424	0.0626	0.0074	Cascote mezcla (m3)
0.0841	0.6510	0.0627	0.0090	Piedra partida (m3).
0.0841	0.6612	0.0841	0.0074	Piedra partida en bolsa 5kg.
0.0841	0.6701	0.0607	0.0073	Canto rodado (m3).
0.0841	0.6786	0.0549	0.0091	Tierra negra (Tn)..
0.0861	0.6889	0.0353	0.0074	Tosca (m3)..
0.0861	0.7063	0.1135	0.0074	ARTEFACTOS PARA BAÑOS Y COCINAS
0.0861	0.7166	0.1076	0.0073	Accesorios de loza blancos (9pzas.)...
0.0841	0.7252	0.1213	0.0089	Asiento tapa inodoro plástico reforzad....
0.0841	0.7355	0.1213	0.0073	Asiento tapa inodoro madera laqueada..
0.0860	0.7440	0.0471	0.0077	Bacha Arianna .
0.0861	0.7529	0.0705	0.0087	Bañera blanca 1,50 mts.
0.0841	0.7614	0.0647	0.0091	Bidet blanco comun..
0.0841	0.7718	0.1096	0.0090	Bidet 1 o 3 agujeros Adriática blanco.
0.0841	0.7805	0.1174	0.0087	Deposito p/inod mochila plástico 16 Its.
0.0841	0.7907	0.0920	0.0074	Inodoro corto blanco común ...
0.0861	0.7994	0.1096	0.0073	Lavatorio común blanco chico sin pie.
0.0861	0.8080	0.0685	0.0089	Mingitorio oval blanco.
0.0841	0.8183	0.1174	0.0073	Pileta Lavar Ferrum c/fregadero blanca
0.0861	0.8269	0.0978	0.0074	Pileta cocina A Inox doble bacha.
0.0860	0.8442	0.0413	0.0092	CALEFACCIÓN
0.0861	0.8547	0.0724	0.0075	Calefactor TB 3500 cal/h.
0.0861	0.8634	0.1429	0.0087	Caldera 25000Kcal solo calefacción vent. Natural.
0.0861	0.8735	0.1507	0.0074	Caldera 25000Kcal Agua y calefacción vent. natural
0.0861	0.8910	0.0196	0.0073	CALES
0.0861	0.9012	0.0802	0.0073	Cal hidráulica (bolsa 25kg).
0.0861	0.9097	0.1115	0.0089	Cal aérea tipo El Milagro (bolsa 25kg).
0.0861	0.9271	0.0900	0.0090	CARPINTERIAS Y ABERTURAS
0.3131	0.3328	0.0313	0.0073	2.653.447
0.3112	0.3401	0.0333	0.0073	12.568.046
0.3112	0.3488	0.0333	0.0073	18.628.276
0.3131	0.3561	0.0313	0.0073	4.782.482
0.3131	0.3648	0.0313	0.0073	16.169.305
0.3112	0.3735	0.0333	0.0073	30.987.799
0.3131	0.3808	0.0313	0.0073	5.047.087
0.3131	0.3895	0.0313	0.0073	4.108.000
0.3131	0.3968	0.0313	0.0073	13.628.794
0.3112	0.4055	0.0333	0.0073	10.963.650
0.3131	0.4142	0.0313	0.0073	45.126.190
0.2857	0.4374	0.0588	0.0089	$ 496.388.112
0.2838	0.4666	0.0196	0.0073	.7.040
0.2818	0.4767	0.0215	0.0073	..11.739
0.2818	0.4855	0.0215	0.0073	..2.289
0.2818	0.5044	0.0215	0.0073	.33.865
0.2798	0.5131	0.0235	0.0073	..19.960
0.2838	0.5218	0.0196	0.0087	.1.739
0.2818	0.5320	0.0215	0.0073	..4.975
0.2857	0.5407	0.0176	0.0073	.7.974
0.2838	0.5509	0.0196	0.0073	..1.595
0.2838	0.5596	0.0196	0.0073	.6.586
0.2818	0.5872	0.0235	0.0073	..3.900
0.2818	0.5959	0.0215	0.0087	38.975
0.2818	0.6061	0.0215	0.0073	.28.261
0.2838	0.6323	0.0196	0.0087	31.651
0.2818	0.6424	0.0215	0.0073	.20.847
0.2798	0.6512	0.0235	0.0087	..77.698
0.2838	0.6613	0.0196	0.0073	.1.200
0.2798	0.6701	0.0235	0.0073	.119.566
0.2818	0.6788	0.0215	0.0087	51.500
0.2818	0.6890	0.0215	0.0073	.24.375
0.2798	0.7166	0.0254	0.0073	.15.079
0.2818	0.7253	0.0215	0.0073	..17.921
0.2818	0.7355	0.0235	0.0073	.45.343
0.2798	0.7442	0.0235	0.0073	.64.805
0.2798	0.7529	0.0235	0.0073	.361.261
0.2779	0.7616	0.0274	0.0087	..100.012
0.2759	0.7718	0.0274	0.0073	500.000
0.2818	0.7805	0.0235	0.0073	.46.473
0.2818	0.7892	0.0215	0.0087	85.888
0.2798	0.7994	0.0235	0.0073	..68.899
0.2798	0.8081	0.0254	0.0073	130.900
0.2779	0.8183	0.0254	0.0073	...140.116
0.2818	0.8270	0.0215	0.0073	.94.835
0.2779	0.8547	0.0274	0.0073	.297.606
0.2740	0.8634	0.0294	0.0087	.1597.750
0.2740	0.8735	0.0313	0.0073	.2.175.900
0.2838	0.8997	0.0196	0.0087	.6.748
0.2838	0.9099	0.0196	0.0073	.19.251
0.3327	0.4666	0.0196	0.0073	8.792
0.3327	0.4753	0.0196	0.0087	18.225
0.3346	0.4855	0.0176	0.0073	8.104
0.3307	0.5044	0.0215	0.0073	38.380
0.3307	0.5131	0.0215	0.0073	23.682
0.3307	0.5218	0.0215	0.0087	13.200
0.3366	0.5320	0.0157	0.0073	7.917
0.3346	0.5407	0.0176	0.0073	11.183
0.3346	0.5509	0.0196	0.0073	2.673
0.3327	0.5596	0.0196	0.0073	12.325
0.3327	0.5872	0.0215	0.0073	6.000
0.3288	0.5959	0.0235	0.0087	50.250
0.3307	0.6047	0.0215	0.0087	42.500
0.3307	0.6323	0.0215	0.0087	46.079
0.3307	0.6424	0.0215	0.0073	31.652
0.3288	0.6512	0.0235	0.0073	154.999
0.3327	0.6613	0.0196	0.0073	1.800
0.3268	0.6701	0.0274	0.0073	165.002
0.3307	0.6788	0.0235	0.0087	80.586
0.3307	0.6890	0.0215	0.0073	33.500
0.3288	0.7166	0.0254	0.0073	125.375
0.3307	0.7253	0.0215	0.0073	48.750
0.3327	0.7340	0.0196	0.0087	62.817
0.3307	0.7442	0.0235	0.0073	75.499
0.3288	0.7529	0.0254	0.0073	387.277
0.3307	0.7616	0.0235	0.0073	111.383
0.3209	0.7718	0.0313	0.0073	1.699.999
0.3307	0.7805	0.0235	0.0073	53.950
0.3288	0.7892	0.0254	0.0087	120.000
0.3288	0.7994	0.0235	0.0073	119.999
0.3288	0.8081	0.0254	0.0073	134.618
0.3288	0.8169	0.0235	0.0087	180.453
0.3268	0.8270	0.0254	0.0073	145.044
0.3268	0.8547	0.0274	0.0073	403.999
0.3229	0.8634	0.0294	0.0073	2.180.750
0.3229	0.8735	0.0313	0.0073	2.367.778
0.3346	0.8997	0.0176	0.0087	7.031
0.3307	0.9099	0.0215	0.0073	23.800
0.3738	0.1076	0.2270	0.0087	MODELO 10 Remodelación de baño y cocina
0.3738	0.1265	0.0763	0.0075	Reforma de baño
0.3738	0.1352	0.0822	0.0102	$ 23.272.351
0.3738	0.1468	0.0822	0.0090	Reforma de cocina
0.3738	0.1555	0.0822	0.0102	$ 25.132.779
0.4638	0.1265	0.0607	0.0075	Incluye el cam-
0.4658	0.1352	0.0587	0.0073	bio de caños y
0.4658	0.1438	0.0626	0.0074	desagües, pisos
0.4638	0.1541	0.0665	0.0044	y artelactos, ma.
0.4638	0.1597	0.0685	0.0074	inst. eléctrica, del
0.4658	0.1686	0.0568	0.0075	baño y cocina
0.4658	0.1771	0.0528	0.0075	del Modelo 1.
0.3738	0.3256	0.0528	0.0073	DESCRIPCION
0.3738	0.3328	0.0626	0.0074	Trab. prelim y dem.
0.3738	0.3401	0.0372	0.0073	Albañilería
0.3738	0.3488	0.0235	0.0073	Yesería
0.3718	0.3576	0.0411	0.0073	Marmolerías
0.3718	0.3648	0.0294	0.0073	Pinturas
0.3738	0.3735	0.0431	0.0074	Inst. sanitaria
0.3738	0.3808	0.0431	0.0073	Inst. eléctrica
0.3738	0.3894	0.0509	0.0074	Artef. y griferías
0.3738	0.3983	0.0509	0.0073	Amoblamientos
0.3718	0.4084	0.0235	0.0029	Varias
0.3738	0.4142	0.0489	0.0074	Gastos de obra
0.3737	0.4228	0.0315	0.0077	Beneficio
0.4638	0.3241	0.0294	0.0087	PRECIO
0.4599	0.3328	0.0352	0.0087	6.990.440
0.4599	0.3401	0.0333	0.0073	2.650.280
0.4697	0.3488	0.0235	0.0073	894.911
0.4697	0.3561	0.0235	0.0087	575.269
0.4697	0.3648	0.0235	0.0073	636.817
0.4638	0.3735	0.0274	0.0073	3.459.207
0.4618	0.3823	0.0313	0.0058	1.096.505
0.4618	0.3895	0.0333	0.0073	2.386.593
0.4658	0.3983	0.0274	0.0073	846.290
0.4677	0.4055	0.0254	0.0073	408.767
0.4658	0.4142	0.0294	0.0073	1.108.775
0.4618	0.4230	0.0313	0.0073	2.218.700
0.3718	0.4390	0.0274	0.0073	Total
0.4364	0.4390	0.0568	0.0075	$ 23.272.351
0.3640	0.4666	0.1370	0.0087	Puerta MDF con marco chapa doblada (90x2).
0.3659	0.4767	0.0391	0.0074	Idem (80x2).
0.3659	0.4855	0.0391	0.0073	Idem (70x2).
0.3640	0.4940	0.1350	0.0089	Puerta tipo placa enchapada en cedro (70x2)
0.3659	0.5044	0.0450	0.0073	Idem (80x2)....
0.3659	0.5129	0.1409	0.0089	Puerta corrediza, hoja MDF marco chapa (80x2)
0.3659	0.5218	0.1155	0.0090	Puerta de chapa con 1/2 vidrio (70x2)...
0.3659	0.5317	0.0587	0.0075	Ventiluz 0,80x1,00..
0.3659	0.5407	0.1585	0.0089	Frente placard hojas en MDF y marco de chapa 2X2.4.
0.3659	0.5494	0.0489	0.0087	idem 1.50x2....
0.3659	0.5595	0.1057	0.0089	Puerta cortafuego de 80 cm 66......
0.3659	0.5770	0.0313	0.0087	CEMENTO
0.3659	0.5872	0.0783	0.0073	Cemento portland (25Kg).
0.3659	0.5957	0.0822	0.0089	Cemento albafileria (40kg)
0.3659	0.6061	0.0724	0.0075	Cemento blanco (25 Kg)
0.3659	0.6146	0.0881	0.0075	Cemento fragüe rápido (5kg).
0.3659	0.6250	0.0822	0.0074	Cemento refractario (10Kg).
0.3659	0.6409	0.0744	0.0089	CONSTRUCCIÓN EN SECO
0.3659	0.6512	0.1350	0.0087	Placa de roca de yeso 9,5mm (1,20x2,40)c/u...
0.3659	0.6612	0.0939	0.0074	Placa 12,5mm (1,20x2,40)c/.....
0.3659	0.6701	0.0822	0.0073	Placa 15mm (1,20x2,40)c/u
0.3659	0.6786	0.1605	0.0089	Placa resistente a la humedad 12,5mm (1,20x2,40) c/u.
0.3659	0.6890	0.1448	0.0075	Placa resistente al fuego 12,5mm (1,20x2,40)c/u..
0.3659	0.6962	0.1389	0.0087	Placa extra resistente 12,5 mm (1,20x2,40) c/u...
0.3659	0.7063	0.0411	0.0089	Idem 15 mm..
0.3659	0.7166	0.1370	0.0073	Montante acero galvanizado 100mm x 2,60m
0.3659	0.7252	0.1350	0.0074	Montante acero galvanizado 69mm x 2,60m.
0.3659	0.7355	0.1350	0.0073	Montante acero galvanizado 35mm x 2,60m.
0.3659	0.7440	0.1252	0.0074	Solera acero galvanizado 70mm x 2,60m.
0.3659	0.7529	0.1252	0.0087	Solera acero galvanizado 35mm x 2,60m.
0.3659	0.7614	0.0881	0.0089	Cantonera de chapa x 2,60m.
0.3659	0.7718	0.0705	0.0090	Angulo ajuste x 2,60m.
0.3659	0.7805	0.0685	0.0087	Perfil Omega x 2,60m
0.3659	0.7994	0.0274	0.0073	Masillas
0.3796	0.8140	0.1272	0.0160	masillas
0.3796	0.8326	0.0882	0.0137	• DURLOCK®
0.5049	0.3256	0.0528	0.0073	DESCRIPCION
0.5049	0.3328	0.0587	0.0074	Trab. prel. y dem.
0.5068	0.3416	0.0352	0.0073	Albanileria
0.5049	0.3488	0.0411	0.0087	Marmolerias
0.5049	0.3576	0.0294	0.0073	Pinturas
0.5049	0.3661	0.0450	0.0060	Inst. sanitaria
0.5049	0.3735	0.0431	0.0074	Inst. eléctrica
0.5068	0.3823	0.0450	0.0073	Art. y griterias
0.5068	0.3893	0.0490	0.0077	Amoblamientos
0.5049	0.3982	0.0489	0.0073	Gastos de obra
0.5049	0.4070	0.0333	0.0073	Beneficio
0.5049	0.4390	0.0274	0.0073	Total
0.5949	0.3256	0.0313	0.0073	PRECIO
0.5949	0.3328	0.0313	0.0073	6.708.565
0.5949	0.3401	0.0313	0.0073	2.129.680
0.5949	0.3488	0.0313	0.0073	3.381.363
0.6027	0.3561	0.0235	0.0087	765.013
0.5930	0.3648	0.0313	0.0087	2.786.939
0.5949	0.3735	0.0294	0.0073	1.200.282
0.5969	0.3808	0.0274	0.0073	1.263.461
0.5949	0.3895	0.0313	0.0073	4.021.230
0.6008	0.3968	0.0235	0.0087	591.447
0.5930	0.4055	0.0333	0.0087	2.284.800
0.5714	0.4390	0.0528	0.0073	$25.132.779
0.5597	0.4666	0.0254	0.0073	.144.239
0.5577	0.4767	0.0274	0.0073	...176.248
0.5597	0.4855	0.0254	0.0073	.. 180.431
0.5577	0.4942	0.0274	0.0073	...147.000
0.5577	0.5044	0.0274	0.0073	..164.000
0.5577	0.5131	0.0274	0.0073	.250.034
0.5577	0.5218	0.0274	0.0087	.312.050
0.5616	0.5305	0.0235	0.0087	.75.898
0.5597	0.5407	0.0254	0.0087	.482.105
0.5577	0.5494	0.0274	0.0087	..193.700
0.5558	0.5596	0.0294	0.0073	.545.000
0.5636	0.5872	0.0215	0.0073	-.8.298
0.5636	0.5959	0.0196	0.0087	.8.089
0.5636	0.6047	0.0215	0.0087	.36.313
0.5616	0.6148	0.0235	0.0073	.26.970
0.5616	0.6235	0.0235	0.0087	30.854
0.5597	0.6512	0.0254	0.0087	..14.200
0.5616	0.6613	0.0215	0.0073	..24.782
0.5616	0.6701	0.0235	0.0073	.30.605
0.5616	0.6788	0.0235	0.0087	..27.076
0.5616	0.6890	0.0235	0.0073	23.606
0.5616	0.6977	0.0215	0.0087	.25.002
0.5597	0.7064	0.0235	0.0102	.33.095
0.5636	0.7166	0.0215	0.0073	..5.776
0.5636	0.7442	0.0215	0.0073	..5.348
0.5636	0.7529	0.0215	0.0073	-4.500
0.5656	0.7616	0.0176	0.0087	.2148
0.5616	0.7718	0.0215	0.0073	...1.494
0.5636	0.7805	0.0215	0.0087	..2.972
0.6086	0.4666	0.0235	0.0073	189.239
0.6086	0.4767	0.0235	0.0073	340.341
0.6086	0.4855	0.0235	0.0073	219.999
0.6086	0.4942	0.0235	0.0087	183.000
0.6067	0.5044	0.0254	0.0073	230.685
0.6067	0.5131	0.0274	0.0073	360.000
0.6086	0.5218	0.0235	0.0087	372.055
0.6106	0.5320	0.0215	0.0073	97.098
0.6086	0.5407	0.0235	0.0073	592.189
0.6086	0.5494	0.0254	0.0087	627.954
0.6047	0.5596	0.0274	0.0073	1.016.232
0.6125	0.5872	0.0215	0.0073	9.200
0.6125	0.5959	0.0215	0.0087	8.500
0.6106	0.6047	0.0215	0.0087	54.999
0.6106	0.6148	0.0215	0.0073	62.785
0.6106	0.6235	0.0215	0.0087	31.340
0.6125	0.6512	0.0215	0.0087	18.577
0.6106	0.6599	0.0215	0.0087	29.802
0.6106	0.6701	0.0235	0.0073	33.095
0.6125	0.6788	0.0196	0.0087	34.801
0.6125	0.6890	0.0196	0.0073	29.631
0.6204	0.6977	0.0117	0.0087	090
0.6106	0.7064	0.0215	0.0087	42.345
0.6164	0.7166	0.0176	0.0073	7.018
0.6164	0.7253	0.0157	0.0073	7.394
0.6145	0.7355	0.0176	0.0073	4.501
0.6145	0.7442	0.0196	0.0073	6.053
0.6125	0.7529	0.0215	0.0073	5.348
0.6145	0.7616	0.0196	0.0087	2.815
0.6145	0.7718	0.0196	0.0073	1.764
0.6145	0.7805	0.0196	0.0073	4.363
0.5284	0.8401	0.0352	0.0058	masILLa
0.5245	0.8457	0.0254	0.0104	90 3
0.3659	0.9286	0.0451	0.0076	Masilla (32 Kg).
0.5695	0.9273	0.0235	0.0087	44.500
0.6067	0.9288	0.0215	0.0073	64.730
0.6536	0.1076	0.1742	0.0073	MODELO 11 Reciclaje casa chorizo
0.6536	0.1265	0.0607	0.0075	Costo por m2
0.6556	0.1352	0.0763	0.0102	$ 2.952.738
0.6536	0.1468	0.0783	0.0075	Variación mensual
0.6536	0.1555	0.0431	0.0073	+3.75%
0.6536	0.1672	0.0822	0.0075	Superficie cubierta
0.6536	0.1772	0.0431	0.0074	220 m2
0.6536	0.1977	0.0783	0.0073	Se cambió la ubica-
0.6536	0.2063	0.0705	0.0074	ción del baño y la
0.6536	0.2151	0.0822	0.0073	cocina originales. En
0.6536	0.2237	0.0881	0.0074	una segunda etapa, se
0.6536	0.2326	0.0685	0.0073	sumó una planta.
0.6536	0.3256	0.0528	0.0073	DESCRIPCION
0.6536	0.3328	0.0450	0.0073	Demoliciones
0.6536	0.3401	0.0431	0.0087	Mampostería
0.6536	0.3488	0.0391	0.0073	Carpinterías
0.6536	0.3561	0.0372	0.0087	Estructuras
0.6536	0.3663	0.0333	0.0073	Revoques
0.6536	0.3735	0.0489	0.0089	Carp. y contrap.
0.6536	0.3821	0.0490	0.0076	Pisos y zocalos
0.6536	0.3895	0.0489	0.0073	Revestimientos
0.6536	0.3968	0.0372	0.0087	Cielorrasos
0.6536	0.4055	0.0294	0.0087	Cubierta
0.6536	0.4142	0.0509	0.0074	Instal. sanitaria
0.6536	0.4215	0.0391	0.0087	Inst. de gas
0.6536	0.4301	0.0432	0.0076	Inst. eléctrica
0.6536	0.4390	0.0274	0.0073	Pinturas
0.7436	0.3256	0.0313	0.0073	PRECIO
0.7397	0.3328	0.0352	0.0073	232.114.389
0.7397	0.3401	0.0352	0.0087	23.014.398
0.7417	0.3488	0.0333	0.0073	5.848.808
0.7417	0.3561	0.0313	0.0087	51.978.385
0.7417	0.3648	0.0333	0.0087	42.881.022
0.7436	0.3735	0.0294	0.0073	3.627.785
0.7397	0.3808	0.0352	0.0073	64.835.070
0.7456	0.3895	0.0294	0.0073	6.781.114
0.7436	0.3968	0.0294	0.0087	9.648.124
0.7417	0.4055	0.0313	0.0087	30.274.931
0.7417	0.4142	0.0333	0.0073	25.512.648
0.7456	0.4230	0.0274	0.0073	3.110.522
0.7397	0.4288	0.0333	0.0087	26.975.650
0.7397	0.4375	0.0333	0.0087	27.049.468
0.6458	0.4666	0.0352	0.0087	idem 18kg..
0.6458	0.4767	0.1194	0.0089	Masilla Superboard para exterior x 15 kg
0.6458	0.4855	0.0352	0.0087	Idem 27kg.
0.6458	0.4940	0.0685	0.0089	Cinta de papel (150m).
0.6458	0.5042	0.0646	0.0090	Placas para exterior
0.6458	0.5129	0.1115	0.0089	Placa para siding 3,60x0,20 x 6mm...
0.6458	0.5233	0.0450	0.0075	Idem 8mm.....
0.6458	0.5317	0.1037	0.0075	Faja terminación siding 2,4x0,1m...
0.6458	0.5407	0.1155	0.0074	Placa cementicia 6mm (1,20x2,40) c/u
0.6458	0.5494	0.1155	0.0087	Placa cementicia 8mm (1,20x2,40) c/u
0.6458	0.5595	0.1213	0.0074	Placa cementicia 10mm (1,20x2,40) c/u..
0.6458	0.5683	0.1311	0.0087	Idem borde rebajado 10mm (1,20x2,40) c/u
0.6458	0.5769	0.1194	0.0089	Placa cementicia 15mm (1,20x2,40) c/...
0.6458	0.5872	0.0685	0.0073	Perfiles estructurales
0.6458	0.5957	0.1037	0.0089	Perfil Omega Estruc. e.0.89 2.60m.
0.6458	0.6047	0.1350	0.0089	Perfil PGC 70x40x17 mm (montante) tira 6 m.
0.6458	0.6146	0.1370	0.0075	Perfil PGC 90x40x17 mm (montante) tira 6 m.
0.6458	0.6235	0.1389	0.0089	Perfil PGC 100x40x17 mm (montante) tira 6 m.
0.6458	0.6337	0.1389	0.0073	Perfil PGC 150x40x12 mm (montante) tira 6 m.
0.6458	0.6424	0.1155	0.0074	Perfil PGU 70-35 mm (solera) tira 6 m...
0.6458	0.6512	0.1135	0.0087	Perfil PGU 90-35 mm (solera) tira 6 m
0.6458	0.6612	0.1155	0.0074	Perfil PGU 100-35 mm (solera) tira 6 m
0.6458	0.6788	0.0274	0.0073	CHAPAS
0.6458	0.6890	0.1037	0.0075	Chapa galvanizada N27 por metro.
0.6458	0.6977	0.1037	0.0073	Chapa galvanizada N25 por metro.
0.6458	0.7063	0.1194	0.0089	Chapa galvanizada color N25 por metro.
0.6458	0.7166	0.1076	0.0073	Chapa plástica ancho 1,10 por metro
0.6458	0.7340	0.0352	0.0087	GRIFERIAS
0.6458	0.7440	0.0724	0.0074	Juego lavatorio Allegro.
0.6457	0.7525	0.0609	0.0095	Juego bidet Allegro
0.6458	0.7614	0.1076	0.0089	Juego lluvia c/transferencia Allegro.
0.6458	0.7718	0.0841	0.0090	Juego lavatorio Hydros Zen.
0.6458	0.7805	0.0724	0.0087	Juego bidet Hydros Zen
0.6458	0.7907	0.1174	0.0074	Juego lluvia c/transferencia Hydros Zen
0.6458	0.7994	0.1018	0.0073	Juego p/cocina s/mesada Allegro.
0.6458	0.8080	0.0939	0.0089	Juego lavadero pared Allegro...
0.6458	0.8183	0.1135	0.0073	Monocomando mesada cocina Swing.
0.6458	0.8358	0.0763	0.0075	INSTALACION ELECTRICA
0.6458	0.8457	0.0763	0.0075	Caño acero liv.0(5/8")ml.
0.6458	0.8547	0.0998	0.0075	Caño acero semipesado (5/8")ml
0.6458	0.8634	0.0841	0.0087	Cable de cobre c/aislación
0.6458	0.8735	0.0685	0.0074	Idem 1,5mm2 c/100m.
0.6458	0.8823	0.0685	0.0073	Idem 2,5mm2 c/100m.
0.6457	0.8904	0.0648	0.0099	Idem 4mm2 c/100m.
0.6458	0.9012	0.0646	0.0073	Idem 6mm2 c/100m.
0.6458	0.9186	0.0763	0.0075	INSTALACION SANITARIA
0.6458	0.9286	0.1115	0.0075	Caño hierro galvanizado 1/2" tira 3m.
0.7847	0.3328	0.0548	0.0074	Mesadas y mueb.
0.7847	0.3416	0.0568	0.0073	Limpieza de obra
0.7866	0.3484	0.0472	0.0081	Gastos de obra
0.7847	0.3576	0.0333	0.0073	Beneficio
0.8728	0.3328	0.0333	0.0073	4.924.089
0.8708	0.3401	0.0352	0.0073	14.973.660
0.8748	0.3488	0.0313	0.0073	9.418.420
0.8708	0.3561	0.0352	0.0087	66.633.976
0.7828	0.4390	0.0294	0.0073	Total
0.8395	0.4390	0.0665	0.0075	$ 649.602.458
0.8493	0.4666	0.0235	0.0073	29.800
0.8474	0.4753	0.0254	0.0087	190.766
0.8454	0.4855	0.0274	0.0073	209.698
0.8532	0.4942	0.0176	0.0087	7.047
0.8865	0.4666	0.0235	0.0073	36.694
0.8865	0.4753	0.0254	0.0087	264.082
0.8865	0.4855	0.0235	0.0073	324.707
0.8924	0.4942	0.0196	0.0087	9.420
0.8454	0.5131	0.0196	0.0073	.11.710
0.8434	0.5218	0.0215	0.0087	.14.693
0.8434	0.5320	0.0215	0.0073	..10.613
0.8415	0.5407	0.0235	0.0073	.41.900
0.8415	0.5494	0.0235	0.0087	.56.645
0.8395	0.5596	0.0254	0.0073	..69.990
0.8434	0.5683	0.0215	0.0073	.57.972
0.8415	0.5770	0.0235	0.0087	..11.1832
0.8454	0.5959	0.0196	0.0087	.10.911
0.8434	0.6047	0.0215	0.0087	.41.978
0.8415	0.6148	0.0235	0.0073	.39.500
0.8434	0.6235	0.0215	0.0087	.52.703
0.8415	0.6337	0.0235	0.0073	..70.708
0.8415	0.6424	0.0235	0.0073	.36.932
0.8395	0.6512	0.0254	0.0073	.35.000
0.8434	0.6599	0.0215	0.0087	..6.381
0.8434	0.6875	0.0235	0.0087	.15.670
0.8434	0.6977	0.0215	0.0073	.13.890
0.8415	0.7064	0.0235	0.0087	.26.949
0.8434	0.7166	0.0215	0.0073	.13.640
0.8395	0.7442	0.0254	0.0073	..123.235
0.8415	0.7529	0.0235	0.0073	.167.858
0.8415	0.7616	0.0235	0.0087	180.655
0.8434	0.7718	0.0215	0.0073	..67.021
0.8415	0.7805	0.0235	0.0073	_.71.099
0.8415	0.7892	0.0235	0.0087	...7.748
0.8415	0.7994	0.0235	0.0073	.137.498
0.8395	0.8081	0.0254	0.0073	...160.741
0.8376	0.8183	0.0274	0.0073	.220.000
0.8454	0.8459	0.0196	0.0073	..2.014
0.8474	0.8547	0.0176	0.0073	.2.141
0.8415	0.8735	0.0235	0.0073	..27.725
0.8415	0.8823	0.0235	0.0073	..82.508
0.8415	0.8910	0.0235	0.0087	.82.700
0.8415	0.9012	0.0235	0.0073	.184.957
0.8434	0.9273	0.0215	0.0087	.20.671
0.8943	0.5131	0.0196	0.0073	15.318
0.8924	0.5218	0.0196	0.0087	17.896
0.8924	0.5320	0.0215	0.0073	15.549
0.8904	0.5407	0.0235	0.0073	73.694
0.8924	0.5494	0.0196	0.0087	76.676
0.8904	0.5596	0.0235	0.0073	75.000
0.8885	0.5683	0.0254	0.0073	108.623
0.8885	0.5770	0.0254	0.0087	148.459
0.8924	0.5959	0.0196	0.0087	11.004
0.8924	0.6047	0.0215	0.0087	44.551
0.8924	0.6148	0.0215	0.0073	58.412
0.8904	0.6235	0.0235	0.0087	63.684
0.8904	0.6323	0.0235	0.0087	85.608
0.8943	0.6424	0.0196	0.0073	41.158
0.8904	0.6497	0.0235	0.0102	45.600
0.8904	0.6599	0.0235	0.0087	70.888
0.8943	0.6890	0.0196	0.0073	22.211
0.8924	0.6962	0.0215	0.0087	21.733
0.8924	0.7064	0.0215	0.0087	33.512
0.8943	0.7166	0.0196	0.0073	14.180
0.8904	0.7427	0.0235	0.0087	225.155
0.8924	0.7529	0.0215	0.0073	176.411
0.8865	0.7616	0.0274	0.0087	206.052
0.8904	0.7718	0.0235	0.0073	84.944
0.8904	0.7805	0.0235	0.0087	79.324
0.8904	0.7892	0.0235	0.0087	210.172
0.8885	0.7994	0.0254	0.0073	343.413
0.8885	0.8081	0.0254	0.0087	186.450
0.8885	0.8169	0.0254	0.0087	372.233
0.8924	0.8445	0.0215	0.0087	2.046
0.8943	0.8547	0.0196	0.0073	3.598
0.8904	0.8735	0.0235	0.0073	64.090
0.8924	0.8823	0.0215	0.0073	97.201
0.8904	0.8910	0.0235	0.0087	157.662
0.8865	0.8997	0.0274	0.0087	226.000
0.8904	0.9288	0.0235	0.0073	21.649
