0.1298	0.0320	0.3052	0.0235	MODELO 9 Galpón
0.1298	0.0869	0.1847	0.0195	Costo por m2
0.1274	0.1084	0.2213	0.0302	$ 1.717.368
0.1298	0.1452	0.2437	0.0162	Variación mensual
0.1226	0.1647	0.1421	0.0282	+5,29%
0.1276	0.1975	0.2551	0.0191	Superficie cubierta
0.1297	0.2218	0.1826	0.0273	289,04 m2
0.4191	0.0915	0.1959	0.0162	Se consideró un
0.4191	0.1148	0.2118	0.0174	cerramiento peri-
0.4214	0.1366	0.1731	0.0162	metral de blo-
0.4191	0.1599	0.1868	0.0174	ques de hormi-
0.4191	0.1830	0.2073	0.0190	gón, entrepiso y
0.4191	0.2064	0.2141	0.0174	techo parabólico.
0.1276	0.6366	0.1549	0.0131	DESCRIPCION
0.1253	0.6510	0.1640	0.0221	Trabajos prelim
0.1276	0.6730	0.1321	0.0189	Excavaciones
0.1297	0.6974	0.1301	0.0210	Mampostería
0.1298	0.7180	0.1435	0.0189	Horm. armado
0.1274	0.7422	0.1552	0.0199	Est. y cub. met.
0.1275	0.7628	0.1141	0.0194	Aislaciones
0.1274	0.7846	0.1005	0.0208	Revoques
0.1298	0.8080	0.1436	0.0206	Placas de yeso
0.1298	0.8297	0.1072	0.0193	Cielorrasos
0.1274	0.8529	0.1165	0.0210	Contrapisos
0.1274	0.8732	0.0892	0.0211	Carpetas
0.1275	0.8937	0.1527	0.0207	Revestimientos
0.1276	0.9186	0.0547	0.0189	Pisos
0.1276	0.9404	0.0934	0.0189	Escaleras
0.4145	0.6365	0.0866	0.0133	PRECIO
0.4007	0.6507	0.1053	0.0227	46.018.393
0.4055	0.6730	0.1002	0.0233	37.769.919
0.4007	0.6957	0.1052	0.0213	59.028.136
0.4009	0.7180	0.1048	0.0218	47.769.902
0.3984	0.7408	0.1075	0.0228	43.828.623
0.4077	0.7631	0.0979	0.0218	9.422.957
0.4077	0.7849	0.0979	0.0203	1.054.635
0.4032	0.8081	0.1025	0.0203	10.922.913
0.4074	0.8293	0.0986	0.0216	21.707.019
0.3985	0.8515	0.1073	0.0222	33.564.434
0.4077	0.8735	0.0979	0.0203	1.584.854
0.4029	0.8962	0.1031	0.0244	2.086.409
0.4076	0.9184	0.0982	0.0208	14.621.135
0.4099	0.9401	0.0960	0.0209	2.345.707
0.5421	0.6525	0.1573	0.0206	Zócalos y solías
0.5440	0.6735	0.1124	0.0222	Carpintería
0.5420	0.6958	0.1552	0.0226	Instal. sanitaria
0.5399	0.7195	0.1207	0.0204	Inst. de gas
0.5398	0.7410	0.1392	0.0209	Inst. eléctrica
0.5421	0.7630	0.0889	0.0190	Pinturas
0.5421	0.7849	0.0888	0.0189	Cristales
0.5443	0.8080	0.0662	0.0191	Varios
0.5421	0.8285	0.1754	0.0218	Ayuda de gremio
0.5421	0.8531	0.1504	0.0192	Gastos de obra
0.5421	0.8735	0.0979	0.0203	Beneficio
0.8269	0.6512	0.0979	0.0218	2.653.447
0.8175	0.6724	0.1053	0.0228	12.568.046
0.8196	0.6953	0.1034	0.0236	18.628.276
0.8267	0.7176	0.0984	0.0240	4.782.482
0.8199	0.7411	0.1027	0.0222	16.169.305
0.8176	0.7627	0.1051	0.0211	30.987.799
0.8267	0.7845	0.0961	0.0211	5.047.087
0.8245	0.8065	0.0982	0.0222	4.108.000
0.8223	0.8285	0.1025	0.0218	13.628.794
0.8129	0.8511	0.1100	0.0245	10.963.650
0.8223	0.8735	0.1025	0.0218	45.126.190
0.5467	0.9404	0.0797	0.0174	Total
0.7426	0.9404	0.1800	0.0204	$ 496.388.112
